[
null,
{"id":1,"animationId":38,"description":"Relatively light weapon dealing decent damage, \ngreat for collecting garbage into a neat pile.","etypeId":1,"traits":[{"code":31,"dataId":1,"value":0}],"iconIndex":97,"name":"Broom","note":"","params":[0,0,4,0,0,0,-3,0],"price":500,"wtypeId":1},
{"id":2,"animationId":35,"description":"Very heavy weapon dealing massive damage, \nincreased chance to crit.","etypeId":1,"traits":[{"code":31,"dataId":1,"value":0},{"code":22,"dataId":2,"value":0.15}],"iconIndex":99,"name":"Fire Extinguisher","note":"","params":[0,0,10,0,0,0,-8,0],"price":500,"wtypeId":1},
{"id":3,"animationId":21,"description":"Extremely light weapon with tiny damage output,\nand may stun the enemy.","etypeId":1,"traits":[{"code":31,"dataId":1,"value":0},{"code":32,"dataId":11,"value":0.5}],"iconIndex":101,"name":"Skittles","note":"","params":[0,0,2,0,0,0,5,0],"price":500,"wtypeId":1},
{"id":4,"animationId":11,"description":"","etypeId":1,"traits":[{"code":31,"dataId":1,"value":0},{"code":22,"dataId":0,"value":0}],"iconIndex":102,"name":"Bow","note":"","params":[0,0,10,0,0,0,0,0],"price":500,"wtypeId":7}
]